发微博时间,召回内容
Thu Sep 16 20:30:03 +0800 2021,#每日车事# #保时捷# 【保时捷召回Boxster和Cayman 共计1375辆】据市场监督管理总局官网显示，保时捷（中国）汽车销售有限公司　　召回车型自2021年11月16日起，召回自2012年9月1日至2014年7月31日期间生产的部分进口2013-2015款Boxster和Cayman系列汽车，共计1375辆。       召回原因由于供应商制造原因，本次召回范围内部分车辆上可能安装了材料配比不符合要求的后轴托架侧梁，在长期使用过程中零件可能会产生裂纹，耐用性得不到保障。在最坏情况下，后轴托架侧梁支座断裂会引起车辆后桥下摆臂松脱，导致车辆的操控性能受到影响，从而增加发生碰撞的风险，存在安全隐患。　　解决办法保时捷（中国）汽车销售有限公司将通过授权经销商，为召回范围内的车辆免费更换合格的后轴托架侧梁，以消除安全隐患。保时捷召回Boxster和Cayman 共计1375辆
Thu Sep 16 10:21:29 +0800 2021,【#通用建议雪佛兰BoltEV车主远离其他车辆#】通用汽车公司建议一些雪佛兰 Bolt 车主不要将他们的电动车停在离其他车辆15米的范围内，以减少潜在的自燃殃及到附近的汽车的风险。该警告是在通用汽车召回超过14万辆自2016年以来生产的雪佛兰Bolt EV和Bolt EUV车型之后发出的，原因是“两个罕见的制造缺陷”导致电池自燃的风险。
Thu Sep 16 05:38:57 +0800 2021,线缆系统故障宝马全球召回130万辆汽车因线缆系统存在故障隐患 
Wed Sep 15 17:30:03 +0800 2021,#关注交通安全# 【召回部分进口大切诺基汽车】由于磁信号材料可能从发动机曲轴脉冲轮的主体上分离，附着在发动机曲轴脉冲轮上的磁性材料用于向曲轴位置传感器提供信号。如果此信号材料缺失，发动机将失去同步喷油器脉冲和凸轮正时的能力，会导致发动机熄火以及不能重新启动发动机，车辆行驶中失去动力可能导致发生无预警的碰撞，存在安全隐患。克莱斯勒(中国)汽车销售有限公司自即日起，召回部分配备3.0升柴油发动机的进口大切诺基汽车，共计7604辆。具体如下（一）2014年5月24日至2016年3月30日期间生产的部分3.0TD舒享导航版大切诺基汽车，共计7559辆。（二）2016年3月8日至2016年7月17日期间生产的部分3.0TD 75周年致敬版大切诺基汽车，共计45辆。网页链接
Wed Sep 15 08:37:40 +0800 2021,【存安全隐患近万辆汽车将被召回】存安全隐患近万辆汽车将被召回 
Tue Sep 14 21:54:03 +0800 2021,保时捷（中国）自2021年11月16日起，召回自2012年9月1日至2014年7月31日期间生产的部分进口2013-2015款Boxster和Cayman系列汽车，共计1375辆。 此次召回范围内部分车辆后轴托架侧梁存在碰撞安全隐患。 
Tue Sep 14 19:47:16 +0800 2021,【Bolt EV 召回】通用汽车联合LG化学共同召回了2017年至2022年间生产的所有雪佛兰Bolt EV和Bolt EUV两款车型，召回原因是车辆存在起火隐患。 
Tue Sep 14 13:44:56 +0800 2021,克莱斯勒（中国）召回部分进口吉普牧马人电动汽车克莱斯勒（中国）汽车销售有限公司（以下简称克莱斯勒）向市场监管总局备案了召回计划。决定自2021年9月6日起，召回部分2021年款2.0T 4xe吉普牧马人电动汽车，共计1160辆。　　具体包括2021年1月21日至2021年5月6日期间生产的部分2.0T 4xe Rubicon 四门版2021年款牧马人电动汽车，共计41辆。2021年1月20日至2021年6月2日期间生产的部分2.0T 4xe Sahara四门版2021年款牧马人电动汽车，共计1119辆。　　本次召回范围内车辆，由于高压充电接口的电子锁止装置的手动释放拉索长度不足以及电子锁止装置中存在的残余电量导致锁销回弹，使得充电接口锁止不到位。从而导致在高压充电时，用户在解锁锁止装置之前能够从车辆上拔下充电插头，可能造成充电插头和车辆充电插口在充电过程中的意外断开，不符合国家相关标准的要求，存在安全隐患。　　克莱斯勒将为召回范围内车辆更新逆变器模块（PIM）软件之后检查充电器插头是否能锁止到位，如果不能则更换手动释放拉索，以消除安全隐患。新的逆变器模块（PIM）软件增加了内部短路释放残余电量的功能，避免出现锁销回弹新的车辆充电接口锁止装置手动释放拉索已经加长到满足锁止要求的长度。　　克莱斯勒
Tue Sep 14 13:44:25 +0800 2021,存在燃油泄漏隐患 宝马召回超14万辆进口车宝马（中国）汽车贸易有限公司（以下简称宝马）向市场监管总局备案了召回计划。决定召回2011年9月7日至2016年4月30日期间生产的部分进口宝马116i、118i、120i、125i、218i、220i、320i、325i、328i、330i、340i、420i、428i、430i、435i、440i、M135i、M2、M235i、M3、M4以及ActiveHybrid 3车辆，共计142754辆。因配件供应原因，3系车辆的召回活动于2021年9月6日开始实施，其他型号车辆的召回活动将于2021年10月29日开始实施。　　本次召回范围内车辆因燃油箱制造工艺波动和设计容错性不足，在使用一段时间后可能引发燃油箱上部的加工口盖板开裂，导致车辆加满燃油时发生燃油泄漏，存在安全隐患。　　宝马将对召回范围内的车辆使用专用工具（泄漏探测仪）进行燃油箱压力损失测试，并免费更换未通过测试的燃油箱，以消除安全隐患。在得到召回检修前，建议车主加注燃油时不要超过油量表的3/4，以免增加油箱负荷诱发损坏。如果在车内闻到燃油气味或在车外观察到燃油泄漏，应尽快联系宝马授权经销商进行维修。　　本次召回活动是在市场监管总局启动缺陷调查情况下开展的。受调查影响，宝马决定采取召回措施，以消除安全隐患。　　宝马及宝马授权经销商
Tue Sep 14 12:47:03 +0800 2021,#CarCar车TV# 克莱斯勒(中国)汽车销售有限公司决定自即日起，召回部分配备3.0升柴油发动机的进口大切诺基汽车，共计7604辆。召回批次      该召回计划显示，本次召回的车型为2014年5月24日至2016年3月30日期间生产的部分3.0TD舒享导航版大切诺基汽车，共计7559辆2016年3月8日至2016年7月17日期间生产的部分3.0TD 75周年致敬版大切诺基汽车，共计45辆。召回原因　　本次召回范围内车辆，磁信号材料可能从发动机曲轴脉冲轮的主体上分离，附着在发动机曲轴脉冲轮上的磁性材料用于向曲轴位置传感器提供信号。如果此信号材料缺失，发动机将失去同步喷油器脉冲和凸轮正时的能力，会导致发动机熄火以及不能重新启动发动机，车辆行驶中失去动力可能导致发生无预警的碰撞，存在安全隐患。#JEEP大切诺基#
Tue Sep 14 09:24:05 +0800 2021,#新闻看点# 近日，我们获悉克莱斯勒(中国)汽车销售有限公司... 存熄火隐患，部分进口大切诺基被召回 
Mon Sep 13 19:30:03 +0800 2021,#汽车情报局#【Jeep召回部分大切诺基车型 车辆行驶中存在失去动力隐患】克莱斯勒(中国)汽车销售有限公司决定自即日起，召回部分配备3.0升柴油发动机的进口大切诺基汽车，共计7604辆。原文传送门网页链接
Mon Sep 13 17:12:41 +0800 2021,美国汽车大厂通用汽车（GM）前阵子宣布，由于高压电池组存在起火风险，决定召回旗下雪佛兰（Chevrolet）“Bolt”电动汽车，目前它与合作伙伴韩国LG关注、解决电池起火问题，因为这件事情威胁到两家公司的战略计划。通用汽车认为，Bolt电池相关火灾来源是来自LG化学（LG Chem）子公司的电池供应商LG  通用汽车、LG急解决Bolt电池起火问题，但双方关系可能已恶化
Sat Sep 11 08:21:00 +0800 2021,【因电池缺陷致供应短缺 雪佛兰Bolt停产时间延长】从海外媒体获悉，因电池缺陷导致供应短缺，通用汽车将再度延长其位于密歇根的Bolt电动车工厂的停工时间，生产暂停将至少持续到9月24日。另外，通用汽车也补充说明，在召回补救措施能够解决火灾风险之前，它不会恢复Bolt车型的生产或销售。（via.网通社）
Thu Sep 09 17:45:03 +0800 2021,#关注交通安全# 【宝马召回部分进口汽车】因燃油箱制造工艺波动和设计容错性不足，在使用一段时间后可能引发燃油箱上部的加工口盖板开裂，导致车辆加满燃油时发生燃油泄漏，存在安全隐患。宝马（中国）汽车贸易有限公司召回2011年9月7日至2016年4月30日期间生产的部分进口宝马116i、118i、120i、125i、218i、220i、320i、325i、328i、330i、340i、420i、428i、430i、435i、440i、M135i、M2、M235i、M3、M4以及ActiveHybrid 3车辆，共计142754辆。因配件供应原因，3系车辆的召回活动将于2021年9月6日开始实施，其它型号车辆的召回活动将于2021年10月29日开始实施。网页链接
Thu Sep 09 16:30:03 +0800 2021,#关注交通安全# 【召回部分进口TOYOTA SUPRA汽车】由于发动机控制电脑的控制程序设计不当，在启动发动机后的瞬间如进行了某种特定的操作（例如快速两次按下点火开关），可能会导致发动机曲轴反向旋转。受此影响，造成为车辆制动助力装置提供负压的真空泵内的润滑油无法排出，被压缩后可能对真空泵内部零件造成损伤。在最坏的情况下会导致制动踏板变硬、制动距离变长，增加车辆发生碰撞的风险，存在安全隐患。丰田汽车（中国）投资有限公司自即日起，召回2021年3月1日至2021年6月21日期间生产的部分进口TOYOTA SUPRA汽车，共计124辆。网页链接
Thu Sep 09 16:00:03 +0800 2021,#关注交通安全# 【召回部分进口吉普牧马人电动汽车】由于高压充电接口的电子锁止装置的手动释放拉索长度不足以及电子锁止装置中存在的残余电量导致锁销回弹，使得充电接口锁止不到位。从而导致在高压充电时，用户在解锁锁止装置之前能够从车辆上拔下充电插头，可能造成充电插头和车辆充电插口在充电过程中的意外断开，不符合国家相关标准的要求，存在安全隐患。克莱斯勒（中国）汽车销售有限公司自2021年9月6日起，召回部分2021年款2.0T 4xe吉普牧马人电动汽车，共计1160辆。具体如下（一）2021年1月21日至2021年5月6日期间生产的部分2.0T 4xe Rubicon 四门版2021年款牧马人电动汽车，共计41辆。（二）2021年1月20日至2021年6月2日期间生产的部分2.0T 4xe Sahara 四门版2021年款牧马人电动汽车，共计1119辆。网页链接
Thu Sep 09 15:41:55 +0800 2021,【#宝马中国召回14万辆进口车#，存在漏油风险】国家市场监督管理网站9月6日消息，宝马(中国)汽车贸易公司备案了召回计划，决定召回2011年9月7日至2016年4月30日期间生产的部分进口宝马汽车，共计142754辆，涉及116i、118i、120i、125i等22个车型。本次召回范围内车辆因燃油箱制造工艺波动和设计容错性不足，在使用一段时间后可能引发燃油箱上部的加工口盖板开裂，导致车辆加满燃油时发生燃油泄漏，存在安全隐患。  老板联播的微博视频
Thu Sep 09 15:30:03 +0800 2021,#关注交通安全# 【召回部分进口和国产奥迪汽车】一汽-大众汽车有限公司召回以下车辆（一）由于供应商制造过程中的偏差，导致机电式制动助力器的电机组件（电机转子和电机轴之间）存在焊接缺陷。在车辆紧急制动的极端情况下，可能造成制动助力功能减弱以及ABS功能和ESC功能失效，存在安全隐患。自2021年9月25日起，召回生产日期在2020年11月3日至2021年3月26日期间的部分进口和国产e-tron车辆，共计74辆。（二）因供应商制造缺陷，致使驾驶员安全气囊的含非叠氮化物气体发生器（NADI型）密封不足，可能有湿气侵入的风险，进而导致车辆发生碰撞事故时安全气囊展开缓慢，降低了安全气囊的保护能力，存在安全隐患。自2021年9月25日起，召回生产日期在1997年5月15日至2001年6月1日期间的部分进口A4、A6、A8、TT车辆，共计1157辆。（三）由于供应商制造过程中的偏差，仪表板上副驾驶前气囊盖板的弱化线未完全弱化。在车辆发生碰撞事故时可能导致副驾驶前气囊不能完全展开，极端情况下可能会导致气囊带异物弹出，存在安全隐患。2021年9月6日起，扩大召回生产日期在2019年11月21日至2020年1月17日期间的部分进口A6 Avant、A7车辆，共计4辆。网页链接
Wed Sep 08 19:36:05 +0800 2021,教授快讯 近日，丰田汽车主要召回2021年3月1至6月21日期间生产的部分进口TOYOTA SUPRA车型，总计124辆。 主要原因在于，部分车型的发动机控制系统程序设计不合理，在启动发动机后进行某种特定操作，很可能会导致发动机曲轴反向旋转。为此，会造成车辆制动助力装置提供负压的真空泵内的润滑油无法排出，有对真空泵内的零部件造成损伤的风险。为此，丰田汽车将对召回范围内车辆的发动机控制电脑程序进行免费升级，以消除安全隐患。
Wed Sep 08 11:45:10 +0800 2021,存在燃油泄漏风险 宝马召回14万余辆汽车@QQ浏览器 存在燃油泄漏风险 宝马召回14万余辆汽车 
Wed Sep 08 10:52:13 +0800 2021,【紧急召回涉及宝马、克莱斯勒、丰田、奥迪...】9月6日国家市场监督管理总局官网发布汽车召回信息因安全隐患宝马、克莱斯勒、丰田、奥迪召回十几万辆进口车↓↓↓紧急召回涉及宝马、克莱斯勒、丰田、奥迪... 
Wed Sep 08 10:49:14 +0800 2021,#召回计划#【因供应商制造缺陷  一汽-大众汽车召回1157辆进口和国产奥迪汽车】　一汽-大众汽车有限公司计划召回以下车辆 　　（一）自2021年9月25日起，召回生产日期在2020年11月3日至2021年3月26日期间的部分进口和国产e-tron车辆，共计74辆。 　　本次召回范围内的车辆由于供应商制造过程中的偏差，导致机电式制动助力器的电机组件（电机转子和电机轴之间）存在焊接缺陷。在车辆紧急制动的极端情况下，可能造成制动助力功能减弱以及ABS功能和ESC功能失效，存在安全隐患。 　　一汽-大众汽车有限公司将委托奥迪授权经销商，为召回范围内车辆免费更换质量合格的机电式制动助力器，以消除安全隐患。 　　（二）自2021年9月25日起，召回生产日期在1997年5月15日至2001年6月1日期间的部分进口A4、A6、A8、TT车辆，共计1157辆。 　　本次召回范围内的车辆因供应商制造缺陷，致使驾驶员安全气囊的含非叠氮化物气体发生器（NADI型）密封不足，可能有湿气侵入的风险，进而导致车辆发生碰撞事故时安全气囊展开缓慢，降低了安全气囊的保护能力，存在安全隐患。
Wed Sep 08 10:40:49 +0800 2021,#召回计划#【克莱斯勒（中国）汽车销售有限公司召回部分进口吉普牧马人电动汽车】克莱斯勒（中国）汽车销售有限公司决定自2021年9月6日起，召回部分2021年款2.0T 4xe吉普牧马人电动汽车，共计1160辆。本次召回范围内车辆，由于高压充电接口的电子锁止装置的手动释放拉索长度不足以及电子锁止装置中存在的残余电量导致锁销回弹，使得充电接口锁止不到位。从而导致在高压充电时，用户在解锁锁止装置之前能够从车辆上拔下充电插头，可能造成充电插头和车辆充电插口在充电过程中的意外断开，不符合国家相关标准的要求，存在安全隐患。
Wed Sep 08 09:39:21 +0800 2021,#召回信息# 【丰田汽车（中国）投资有限公司召回部分进口TOYOTA SUPRA汽车】丰田汽车（中国）投资有限公司决定自即日起，召回2021年3月1日至2021年6月21日期间生产的部分进口TOYOTA SUPRA汽车，共计124辆。本次召回范围内车辆由于发动机控制电脑的控制程序设计不当，在启动发动机后的瞬间如进行了某种特定的操作（例如快速两次按下点火开关），可能会导致发动机曲轴反向旋转。受此影响，造成为车辆制动助力装置提供负压的真空泵内的润滑油无法排出，被压缩后可能对真空泵内部零件造成损伤。在最坏的情况下会导致制动踏板变硬、制动距离变长，增加车辆发生碰撞的风险，存在安全隐患。丰田汽车（中国）投资有限公司将免费对召回范围内车辆的发动机控制电脑程序进行升级，以消除安全隐患。应急处置措施车辆召回升级软件前，用户不要在发动机启动后立即实施发动机熄火的操作。丰田汽车（中国）投资有限公司将以挂号信等形式通知相关#丰田#
Wed Sep 08 08:30:27 +0800 2021,【湖北车主注意了这些汽车集体召回，涉及宝马、丰田、奥迪等】国家市场监督管理总局官网显示宝马（中国）、克莱斯勒（中国）丰田汽车（中国）、一汽-大众宣布召回部分进口汽车和国产汽车来看看有没有你家的车宝马（中国）汽车贸易有限公司召回部分进口汽车宝马（中国）汽车贸易有限公司计划召回以下车辆（一）自2021年9月25日起，召回生产日期在2020年11月3日至2021年3月26日期间的部分进口和国产e-tron车辆，共计74辆。（二）自2021年9月25日起，召回生产日期在1997年5月15日至2001年6月1日期间的部分进口A4、A6、A8、TT车辆，共计1157辆。（三）2021年9月6日起，扩大召回生产日期在2019年11月21日至2020年1月17日期间的部分进口A6 Avant、A7车辆，共计4辆。湖北车主注意了这些汽车集体召回，涉及宝马、丰田、奥迪等
Tue Sep 07 18:52:59 +0800 2021,【一汽大众召回部分进口和国产奥迪汽车 】有问题不要慌，解决方法看这里对于本次召回范围(一）内的车辆，一汽-大众汽车有限公司将委托奥迪授权经销商，为召回范围内车辆免费更换质量合格的机电式制动助力器，以消除安全隐患。对于本次召回范围(二）内的车辆，一汽-大众汽车有限公司将委托奥迪授权经销商，为召回范围内车辆免费更换全新开发的气体发生器，以消除安全隐患。对于本次召回范围(三）内的车辆，一汽-大众汽车有限公司将委托奥迪授权经销商，免费为召回范围内的车辆检查仪表板副驾驶前气囊盖板弱化线位置的织物切割情况。如没有切割或没有完全切割，则按照维修指导进行切割，以确保车辆发生事故时安全气囊可以完全展开，消除安全隐患。本次召回属于2021年4月16日发布的《一汽-大众汽车有限公司召回部分进口奥迪汽车》召回活动的扩大召回。扩大召回原因为通过备件装车情况排查，发现有部分车辆可能在维修过程中更换了有问题的仪表板。
Tue Sep 07 18:52:13 +0800 2021,【一汽大众召回部分进口和国产奥迪汽车 】敲黑板，召回原因概要说明本次召回范围(一）内的车辆由于供应商制造过程中的偏差，导致机电式制动助力器的电机组件（电机转子和电机轴之间）存在焊接缺陷。在车辆紧急制动的极端情况下，可能造成制动助力功能减弱以及ABS功能和ESC功能失效，存在安全隐患。本次召回范围（二）内的车辆因供应商制造缺陷，致使驾驶员安全气囊的含非叠氮化物气体发生器（NADI型）密封不足，可能有湿气侵入的风险，进而导致车辆发生碰撞事故时安全气囊展开缓慢，降低了安全气囊的保护能力，存在安全隐患。本次召回范围（三）内的车辆由于供应商制造过程中的偏差，仪表板上副驾驶前气囊盖板的弱化线未完全弱化。在车辆发生碰撞事故时可能导致副驾驶前气囊不能完全展开，极端情况下可能会导致气囊带异物弹出，存在安全隐患。
Tue Sep 07 18:46:44 +0800 2021,【宝马召回部分进口汽车 】敲黑板，召回原因概要说明本次召回范围内车辆因燃油箱制造工艺波动和设计容错性不足，在使用一段时间后可能引发燃油箱上部的加工口盖板开裂，导致车辆加满燃油时发生燃油泄漏，存在安全隐患。有问题不要慌，解决方法看这里宝马（中国）汽车贸易有限公司将对召回范围内的车辆使用专用工具（泄漏探测仪）进行燃油箱压力损失测试，并免费更换未通过测试的燃油箱，以消除安全隐患。应急处置措施在得到召回检修前，建议车主加注燃油时不要超过油量表的3/4，以免增加油箱负荷诱发损坏。如果在车内闻到燃油气味或在车外观察到燃油泄漏，应尽快联系宝马授权经销商进行维修。本次召回活动是在国家市场监督管理总局启动缺陷调查情况下开展的。受调查影响，宝马（中国）汽车贸易有限公司决定采取召回措施，消除安全隐患。
Tue Sep 07 14:03:55 +0800 2021,"【高尔夫/奥迪A3等4车熄火隐患】从国家质检总局缺陷产品管理中心了解到，因燃油泵故障导致车辆存在熄火隐患，大众汽车、一汽大众将联合对高尔夫旅行版、奥迪A3等车实施召回。据统计，将有5,869辆车受到影响。 "
Tue Sep 07 11:50:03 +0800 2021,#14万辆进口宝马将召回#宝马（中国）汽车贸易有限公司宝马（中国）决定召回2011年9月7日至2016年4月30日期间生产的部分进口宝马116i、118i、120i、125i、218i、220i、320i、325i、328i、330i、340i、420i、428i、430i、435i、440i、M135i、M2、M235i、M3、M4以及ActiveHybrid 3车辆，共计142754辆。本次召回范围内车辆因燃油箱制造工艺波动和设计容错性不足，在使用一段时间后可能引发燃油箱上部的加工口盖板开裂，导致车辆加满燃油时发生燃油泄漏，存在安全隐患。宝马（中国）建议车主，在得到召回检修前，加注燃油时不要超过油量表的3/4，以免增加油箱负荷诱发损坏。如果在车内闻到燃油气味或在车外观察到燃油泄漏，应尽快联系宝马授权经销商进行维修。老板联播的微博视频
Tue Sep 07 09:47:38 +0800 2021,【汽车召回】一汽-大众汽车有限公司因制动助力器存在安全隐患，自2021年9月25日起，召回生产日期在2020年11月3日至2021年3月26日期间的部分进口和国产e-tron车辆，共计74辆。
Tue Sep 07 09:21:38 +0800 2021,【因漏油风险，#宝马在华召回14万辆进口车#涉22种车型】9月6日，国家市场监督管理总局官网发布消息显示，宝马（中国）汽车贸易有限公司因漏油风险，宝马在华召回14万辆进口车涉22种车型 
Tue Sep 07 06:46:48 +0800 2021,【汽车召回】一汽-大众汽车有限公司因气体发生器存在安全隐患，自2021年9月25日起，召回生产日期在1997年5月15日至2001年6月1日期间的部分进口A4、A6、A8、TT车辆，共计1157辆。
Mon Sep 06 17:57:55 +0800 2021,因存安全隐患 一汽-大众召回部分进口和国产奥迪汽车数据来源苗建信息媒体监测/舆情监测平台 日前从国家市场监督管理总局获悉，一汽-大众汽车有限公司近日根据《缺陷汽车产品召回管理条例》和《缺陷汽车产品召回管理条例实施办法》的要求，向国家市场监督管理总局备案了召回计划因存安全隐患 一汽-大众召回部分进口和国产奥迪汽车
Mon Sep 06 17:55:50 +0800 2021,#汽车召回# 【一汽-大众汽车有限公司召回部分进口和国产奥迪汽车】一汽-大众汽车有限公司计划召回以下车辆 　　（一）自2021年9月25日起，召回生产日期在2020年11月3日至2021年3月26日期间的部分进口和国产e-tron车辆，共计74辆。 　　本次召回范围内的车辆由于供应商制造过程中的偏差，导致机电式制动助力器的电机组件（电机转子和电机轴之间）存在焊接缺陷。在车辆紧急制动的极端情况下，可能造成制动助力功能减弱以及ABS功能和ESC功能失效，存在安全隐患。 　　一汽-大众汽车有限公司将委托奥迪授权经销商，为召回范围内车辆免费更换质量合格的机电式制动助力器，以消除安全隐患。 　　（二）自2021年9月25日起，召回生产日期在1997年5月15日至2001年6月1日期间的部分进口A4、A6、A8、TT车辆，共计1157辆。 　　本次召回范围内的车辆因供应商制造缺陷，致使驾驶员安全气囊的含非叠氮化物气体发生器（NADI型）密封不足，可能有湿气侵入的风险，进而导致车辆发生碰撞事故时安全气囊展开缓慢，降低了安全气囊的保护能力，存在安全隐患。 #奥迪召回# 　　一汽-大众汽车有限公司将委托奥迪授权经销商，为召回范围内车辆免费更换全新开发的气体发生器，以消除安全隐患。 　　（三）2021年9月6日起，扩大召回生产日期在2019年11月21日至2020年1月17日期间的部分进口A6 Avant、A7车辆，共计4辆。 　　本次召回范围内的车辆由于供应商制造过程中的偏差，仪表板上副驾驶前气囊盖板的弱化线未完全弱化。在车辆发生碰撞事故时可能导致副驾驶前气囊不能完全展开，极端情况下可能会导致气囊带异物弹出，存在安全隐患。 　　一汽-大众汽车有限公司将委托奥迪授权经销商，免费为召回范围内的车辆检查仪表板副驾驶前气囊盖板弱化线位置的织物切割情况。如没有切割或没有完全切割，则按照维修指导进行切割，以确保车辆发生事故时安全气囊可以完全展开，消除安全隐患。 　　本次召回属于2021年4月16日发布的《一汽-大众汽车有限公司召回部分进口奥迪汽车》召回活动的扩大召回。扩大召回原因为通过备件装车情况排查，发现有部分车辆可能在维修过程中更换了有问题的仪表板。
Mon Sep 06 16:59:05 +0800 2021,【汽车召回】克莱斯勒（中国）汽车销售有限公司向国家市场监督管理总局备案了召回计划。因高压充电接口存在安全隐患，决定自2021年9月6日起，召回2021年1月21日至2021年5月6日期间生产的部分2.0T 4xe Rubicon 四门版2021年款牧马人电动汽车，共计41辆2021年1月20日至2021年6月2日期间生产的部分2.0T 4xe Sahara 四门版2021年款牧马人电动汽车，共计1119辆。
Mon Sep 06 16:51:14 +0800 2021,【汽车召回】丰田汽车（中国）投资有限公司因控制程序存在安全隐患，决定自即日起，召回2021年3月1日至2021年6月21日期间生产的部分进口TOYOTA SUPRA汽车，共计124辆。 
Mon Sep 06 15:30:47 +0800 2021,【存燃油泄漏安全隐患 142754辆进口宝马116i、320i、M2等车型被召回】#汽车召回##中国网汽车质量投诉平台# 宝马(中国)汽车贸易有限公司近日决定召回2011年9月7日至2016年4月30日期间生产的部分进口宝马116i、118i、120i、125i、218i、220i、320i、325i、328i、330i、340i、420i、428i、430i、435i、440i、M135i、M2、M235i、M3、M4以及ActiveHybrid 3车辆，共计142754辆。因配件供应原因，3系车辆的召回活动将于2021年9月6日开始实施，其它型号车辆的召回活动将于2021年10月29日开始实施。应急处置措施在得到召回检修前，建议车主加注燃油时不要超过油量表的3/4，以免增加油箱负荷诱发损坏。如果在车内闻到燃油气味或在车外观察到燃油泄漏，应尽快联系宝马授权经销商进行维修。存燃油泄漏安全隐患 142754辆进口宝马116i、320i、M2等车型被召回
Mon Sep 06 15:29:01 +0800 2021,【#宝马召回Z4等车型#系发动机电子模块缺陷】决定自即日起，召回2018年6月19日至2021年5月28日生产的进口540i及Z4汽车，共计3561辆。本次召回范围内车辆的DME（发动机电子控制模块）中控制串联泵的相关软件程序存在缺陷。当在特定的发动机起动情况下（例如快速两次按下点火开关），可能造成串联泵内部的真空泵损坏，损坏的真空泵不能有效为制动提供真空助力。在最坏的情况下，会导致制动踏板变硬，制动距离变长，存在安全隐患。
Mon Sep 06 14:51:37 +0800 2021,【宝马在华召回部分进口汽车，共计142754辆】据界面消息，宝马在华召回部分进口汽车，共计142754辆。本次召回范围内车辆因燃油箱制造工艺波动和设计容错性不足，在使用一段时间后可能引发燃油箱上部的加工口盖板开裂，导致车辆加满燃油时发生燃油泄漏，存在安全隐患。宝马在华召回部分进口汽车，共计142754辆 
Mon Sep 06 14:30:38 +0800 2021,【#丰田在华召回部分进口TOYOTASUPRA汽车# 】 丰田汽车（中国）投资有限公司将免费对召回范围内车辆的发动机控制电脑程序进行升级，以消除安全隐患。 
Mon Sep 06 14:13:22 +0800 2021,#汽车新星共创季# 连宾利欧陆GT都召回了，你这回心理平衡了吧。大众汽车（中国）销售有限公司决定自即日起，召回2019年9月20日至2021年6月28日期间生产的部分进口2020-2021年款宾利欧陆GT汽车，共计1622台。本次召回范围内的车辆由于座椅控制模块的软件设计原因，前排座椅在自动调节模式下（便捷上/下车功能）运行时，如需要调低座椅高度时座椅将同时向后方移动，造成可能由于过度后移而挤压到后排乘客腿部，存在安全隐患。#开启汽车新世界#
Mon Sep 06 11:48:40 +0800 2021,#撩妹不如撩车# 【大众就气囊问题和解，赔偿4200万美元，35%车辆未维修】近日，据外媒报道，大众与美国车主就高田气囊达成和解，并同意支付4200万美元和解金，用来赔偿美国135万辆装有高田气囊的汽车，其中大部分资金将用于召回。关于类似的事件，此前本田已经与车主达成了价值6.05亿美元的和解，与大众汽车的和解非常相似。在提交给迈阿密美国地方法院的文件称，召回涉及的大众汽车和奥迪汽车约有35%的充气机尚未维修。除大众外，其他7家主要汽车制造商已经同意达成总额约15亿美元、涉及数千万辆汽车的和解协议。据了解，高田安全气囊缺陷“在极少数情况下”会导致安全气囊充气机破裂并将金属碎片抛入汽车内部，导致400多人受伤，全球至少有28人死亡。大众这项和解包括租车和自付费用、工资损失和育儿费用以及车主在修理车辆时被迫承担的其他费用。
Sat Sep 04 13:00:03 +0800 2021,【#大众同意向车主赔偿4200万美元#】据报道大众汽车美国公司周三与美国安装高田气囊的135万辆汽车的车主达成和解，同意支付4200万美元，以补偿他们因这些车辆的召回造成的损失，包括租车和自付费用，工资损失和儿童保育费用，已经或可能面临的汽车维修费用等。到目前为止，受高田气囊事件影响的其他七家主要汽车制造商已同意达成了价值约15亿美元的和解协议，涉及数千万辆汽车。高田公司的气囊充气器故障也导致全球400多人受伤，至少28人死亡。
Fri Sep 03 17:45:03 +0800 2021,#关注交通安全# 【召回部分进口森林人汽车】由于在低压燃油泵叶轮的制造过程中树脂成型条件不完善，造成叶轮树脂密度不足。叶轮可能会受燃油影响而发生膨润变形，并与燃油泵壳体发生干涉、卡滞，导致低压燃油泵无法正常工作，极端情况下可能造成车辆行驶中发动机熄火，存在安全隐患。斯巴鲁汽车（中国）有限公司自2021年9月24日起，召回2018年4月23日至2018年6月21日期间生产的部分进口2018年款森林人系列汽车，共计8辆。网页链接
Fri Sep 03 17:30:03 +0800 2021,#关注交通安全# 【召回部分专用汽车】程力专用汽车股份有限公司自2021年8月30日起召回以下车辆。（一）由于制造环节把控不严，导致后下部防护装置不符合国家标准要求。发生后车追尾事故时可能无法起到有效防护作用，增加后车驾乘人员受伤的风险，存在安全隐患。2018年3月19日至2018年3月20日生产的部分绿化喷洒车，共计10辆。（二）由于制造环节把控不严，导致侧防护装置不符合国家标准要求。在车辆发生碰撞时可能无法起到有效防护作用，增加行人等受伤的风险，存在安全隐患。2018年10月13日至2018年11月2日生产的部分清障车，共计6辆。（三）由于制造环节把控不严，导致后下部防护装置两端未倒圆角，不符合国家标准要求，可能造成锐角划伤人员，存在安全隐患。2018年11月9日至2018年11月12日生产的部分绿化喷洒车9辆、2018年11月26日至2018年12月5日生产的部分扫路车9辆，共计18辆。网页链接
Fri Sep 03 17:00:03 +0800 2021,#关注交通安全# 【召回部分进口迈凯伦570S、720S、600LT和GT汽车】由于车轮制动钳上的制动器挠性软管空心螺栓可能未正确加工通孔，使得车辆相应车轮可能没有制动。这可能导致车辆在制动时向一侧牵拉，特别是在高速制动时会增加碰撞风险，存在安全隐患。迈凯伦汽车销售（上海）有限公司自2021年8月30日起，召回部分2019年7月2日至2020年2月13日期间生产的2020年款进口迈凯伦570S SPIDER、720S（COUPE和SPIDER）、600LT SPIDER和GT汽车，共计9辆。网页链接
Fri Sep 03 16:32:36 +0800 2021,《董涛说车》20210902主要内容1.小米汽车公司成立2.沃尔沃S60的T4和T8版本怎么选3.从油耗、性价比对比大众途昂X和凯迪拉克XT54.很多车都没有备胎只有补胎液，跑长途会不会有隐患5.4S店操作失误导致车门损伤，员工个人承诺更换，需要注意什么6.汽车缺陷召回的故障再次出现需要自费，是否合理7.前后刹车片能不能共用8.斯巴鲁森林人怎么样9.新款丰田汉兰达动力如何10.岚图FREE是否值得考虑主要提及车型沃尔沃S60，大众途昂X，凯迪拉克XT5，雪铁龙世嘉，斯巴鲁森林人，丰田汉兰达，岚图FREE...网页链接
Fri Sep 03 09:27:37 +0800 2021,#撩妹不如撩车# 【北京奔驰召回部分EQC及GLB，存在安全隐患，免费检查修理】北京奔驰汽车有限公司召回车辆包括生产日期在2019年6月12日至2020年6月18日期间的国产EQC车辆，共计796辆在2020年7月4日至2020年7月29日期间的国产GLB车辆，共计720辆。本次召回的奔驰EQC部分车辆由于装配后无法识别检查空调冷凝水软管的状态，造成空调冷凝水可能进入乘员舱，并腐蚀安装在驾驶员或副驾驶脚部区域或中央通道区域的电气部件或导致其短路。这可能导致安全气囊控制单元故障，自动紧急呼叫功能不可用，车辆无法启动或在行驶过程中熄火。针对这些隐患，北京奔驰汽车有限公司将为召回范围内车辆免费检查空调排水软管是否安装到位，并根据需要更换新的排水软管。本次召回的奔驰GLB部分车辆由于第二排座椅中央扶手杯托可能少安装了一个固定螺钉，杯托的部分塑料零件可能与扶手分离，增加车内乘员受伤的风险。针对这些隐患，北京奔驰汽车有限公司将为召回范围内车辆免费安装缺失的杯托螺钉。
Wed Sep 01 14:45:03 +0800 2021,#CarCar车TV# 迈凯伦汽车销售（上海）有限公司自2021年8月30日起，召回以下车辆，共计9辆。#迈凯伦# 召回批次　　召回部分2019年7月2日至2020年2月13日期间生产的2020年款进口迈凯伦570S SPIDER、720S（COUPE和SPIDER）、600LT SPIDER和GT汽车，共计9辆。召回原因　　本次召回范围内车辆车轮制动钳上的制动器挠性软管空心螺栓可能未正确加工通孔，使得车辆相应车轮可能没有制动。这可能导致车辆在制动时向一侧牵拉，特别是在高速制动时会增加碰撞风险，存在安全隐患。解决办法　　迈凯伦汽车销售（上海）有限公司将免费为召回范围内车辆检查每个制动钳上的制动器挠性软管空心螺栓，如果发现未正确加工则予以更换，以消除安全隐患。　　应急处置措施驾驶员如果发现车辆制动时出现向一侧牵拉的问题，应停止使用车辆并联系经销商处理。
Tue Aug 31 16:51:33 +0800 2021,#召回信息# 【斯巴鲁汽车（中国）有限公司召回部分进口森林人汽车】斯巴鲁汽车（中国）有限公司自2021年9月24日起，召回2018年4月23日至2018年6月21日期间生产的部分进口2018年款森林人系列汽车，共计8辆。本次召回范围内车辆由于在低压燃油泵叶轮的制造过程中树脂成型条件不完善，造成叶轮树脂密度不足。叶轮可能会受燃油影响而发生膨润变形，并与燃油泵壳体发生干涉、卡滞，导致低压燃油泵无法正常工作，极端情况下可能造成车辆行驶中发动机熄火，存在安全隐患。 斯巴鲁汽车（中国）有限公司将为召回对象车辆免费更换改良后的低压燃油泵，以消除安全隐患。 斯巴鲁汽车（中国）有限公司
Tue Aug 31 16:51:11 +0800 2021,#召回信息# 【程力专用汽车股份有限公司召回部分专用汽车】程力专用汽车股份有限公司决定自2021年8月30日起召回以下车辆。（一）2018年3月19日至2018年3月20日生产的部分绿化喷洒车，共计10辆。 本次召回范围内的车辆由于制造环节把控不严，导致后下部防护装置不符合国家标准要求。发生后车追尾事故时可能无法起到有效防护作用，增加后车驾乘人员受伤的风险，存在安全隐患。 程力专用汽车股份有限公司将对召回范围内车辆免费维修后下部防护装置，焊接支撑件增加强度以符合标准要求，消除安全隐患。 （二）2018年10月13日至2018年11月2日生产的部分清障车，共计6辆。 本次召回范围内车辆由于制造环节把控不严，导致侧防护装置不符合国家标准要求。在车辆发生碰撞时可能无法起到有效防护作用，增加行人等受伤的风险，存在安全隐患。 程力专用汽车股份有限公司将对召回范围内车辆免费维修侧防护装置，焊接支撑件增加强度以符合标准要求，消除安全隐患。 （三）2018年11月9日至2018年11月12日生产的部分绿化喷洒车9辆、2018年11月26日至2018年12月5日生产的部分扫路车9辆，共计18辆。 本次召回范围内的车辆由于制造环节把控不严，导致后下部防护装置两端未倒圆角，不符合国家标准要求，可能造成锐角划伤人员，存在安全隐患。 程力专用汽车股份有限公司将对召回范围内车辆免费维修后防护装置，在后防护两端补充倒圆角，防止锐角划伤，以消除安全隐患。 以上召回活动是在国家市场监督管理总局启动缺陷调查情况下开展的。受调查影响，程力专用汽车股份有限公司决定采取召回措施，消除安全隐患。 程力专用汽车股份有限公司
Tue Aug 31 16:29:03 +0800 2021,【受通用汽车召回事件影响，#LG能源或推迟IPO#】当地时间周一，韩国电池制造商LG能源解决方案（LGES）表示，该公司将在10月决定是否按原计划于年内进行IPO。报道称，由于电池存在起火风险，通用汽车今年两次宣布召回Bolt电动车，共召回14.2万辆汽车。电池缺陷产生的原因仍在调查，但通用汽车此前已明确表示将向LGES索赔。分析师指出，LGES和通用汽车将围绕成本的分摊进行谈判，而LGES的IPO时间表取决于两家公司的谈判时长。（北京商报）
Tue Aug 31 16:26:53 +0800 2021,【受通用汽车召回事件影响 LG 能源或推迟 IPO】据北京商报报道，韩国 LG 能源解决方案于当地时间星期一表示，将在10月决定是否按原计划进行 IPO。LG能源解决方案是通用汽车的电池供应商，由于电池存在起火风险，通用汽车今年两次宣布召回旗下 Bolt 汽车。LG 能源解决方案和通用汽车将围绕成本的分摊进行谈判，而 LG 能源解决方案的 IPO 时间表取决于两家公司的谈判时长。
Tue Aug 31 13:07:15 +0800 2021,北京奔驰汽车有限公司因空调冷凝水软管存在安全隐患，自2021年8月30日起，召回部分生产日期在2019年6月12日至2020年6月18日期间的国产EQC车辆，共计796辆。 
Tue Aug 31 12:26:03 +0800 2021,北京奔驰汽车有限公司因座椅扶手安装缺陷，存在安全隐患，自2021年9月17日起，召回部分生产日期在2020年7月4日至2020年7月29日期间的国产GLB SUV车辆，共计720辆。 
Tue Aug 31 11:40:03 +0800 2021,#汽车情报局#【涉及1516辆 部分北京奔驰EQC/GLB宣布召回】北京奔驰汽车有限公司本次召回范围内部分车辆由于供应商原因，第二排座椅中央扶手杯托可能少安装了一个固定螺钉。如果车辆发生碰撞，杯托的部分塑料零件可能与扶手分离，不符合国家相关强制性标准的要求，会增加车内乘员受伤的风险，存在安全隐患。原文传送门网页链接
Mon Aug 30 19:14:17 +0800 2021,【通用汽车召回事件发酵 #LG能源解决方案或推迟IPO#】当地时间周一，韩国电池制造商LG能源解决方案（LGES）表示，该公司将在10月决定是否按原计划于年内进行IPO。LGES是通用汽车的电池供应商，去年从LG化学中拆分出来，原计划于今年10月登陆韩国KOSPI市场。市场普遍认为，此次IPO将成为韩国史上规模最大的IPO，可能融资100亿至120亿美元之间。然而在Bolt电动车因电池存在起火风险被大面积召回后，LGES的IPO前景增添了不确定性。 通用汽车召回事件发酵 LG能源解决方案或推迟IPO
Mon Aug 30 18:09:20 +0800 2021,#汽车召回# 【存安全隐患 北京奔驰召回部分EQC及GLB】由于装配后无法识别检查空调冷凝水软管的状态，无法确保其连接的紧密性，造成空调冷凝水可能进入乘员舱。北京奔驰决定自2021年8月30日起，召回部分生产日期在2019年6月12日至2020年6月18日期间的国产EQC车辆，共计796辆自2021年9月17日起，召回部分生产日期在2020年7月4日至2020年7月29日期间的国产GLB车辆，共计720辆。
Mon Aug 30 17:25:13 +0800 2021,【注意#奔驰迈凯伦召回部分型号汽车#】即日起，北京奔驰汽车有限公司召回796辆EQC车辆，迈凯伦汽车销售（上海）有限公司召回9辆2020年款进口迈凯伦570S SPIDER、720S（COUPE和SPIDER）、600LT SPIDER和GT汽车。召回原因分别为安全气囊（SRS）控制单元故障、高速制动时增加碰撞风险等，存在安全隐患。 
Mon Aug 30 16:01:48 +0800 2021,#汽车召回# 中国汽车召回网讯 程力专用汽车股份有限公司决定自2021年8月30日起召回以下车辆。  （一）2018年3月19日至2018年3月20日生产的部分绿化喷洒车，共计10辆。   （二）2018年10月13日至2018年11月2日生产的部分清障车，共计6辆。   （三）2018年11月9日至2018年11月12日生产的部分绿化喷洒车9辆、2018年11月26日至2018年12月5日生产的部分扫路车9辆，共计18辆。   召回原因  （一）本次召回范围内的车辆由于制造环节把控不严，导致后下部防护装置不符合国家标准要求。发生后车追尾事故时可能无法起到有效防护作用，增加后车驾乘人员受伤的风险，存在安全隐患。   （二）本次召回范围内车辆由于制造环节把控不严，导致侧防护装置不符合国家标准要求。在车辆发生碰撞时可能无法起到有效防护作用，增加行人等受伤的风险，存在安全隐患。   （三）2018年11月9日至2018年11月12日生产的部分绿化喷洒车9辆、2018年11月26日至2018年12月5日生产的部分扫路车9辆，共计18辆。   召回措施  （一）程力专用汽车股份有限公司将对召回范围内车辆免费维修后下部防护装置，焊接支撑件增加强度以符合标准要求，消除安全隐患。   （二）程力专用汽车股份有限公司将对召回范围内车辆免费维修侧防护装置，焊接支撑件增加强度以符合标准要求，消除安全隐患。   （三）程力专用汽车股份有限公司将对召回范围内车辆免费维修后防护装置，在后防护两端补充倒圆角，防止锐角划伤，以消除安全隐患。   以上召回活动是在国家市场监督管理总局启动缺陷调查情况下开展的。受调查影响，程力专用汽车股份有限公司决定采取召回措施，消除安全隐患。   通知方式  程力专用汽车股份有限公司此外，也可拨打中国汽车召回网热线电话010-65537365/010-64696365 ，反映召回活动实施过程中的问题或提交缺陷线索。
Mon Aug 30 11:24:03 +0800 2021,#财经# 因电池问题造成起火事件，美国通用汽车宣布二次召回雪弗兰电动汽车。2020年11月通用汽车首次宣布召回这款汽车。而此次召回涉及全球约6.9万辆汽车，其中近5.1万辆位于美国境内。通用汽车表示，之前召回汽车主要修复了软件方面，这一次将更换汽车中有缺陷的电池模块，从而降低起火的风险。 
Mon Aug 30 10:20:03 +0800 2021,#汽车情报局#【因安全带安装不当 福特召回16430辆F-150】据海外媒体报道，由于安全带问题，福特将召回16430辆2021款F-150 SuperCab。本次召回涉及2021年1月2日至5月27日之间生产的相关车型。据悉，问题车辆可能存在安全带安装不当的情况，它们被错误地穿过橡胶装饰套，而不是本应链接的固定装置。在发生碰撞的情况下，安全带将无法进行约束并保护乘客，受伤概率大大增加。
Sat Aug 28 12:56:30 +0800 2021,通用汽车首席执行官 Mary Barra 表示，通用汽车将继续维持与 LG Energy Solution 的合作关系，同时强调，通用汽车有 “多条途径” 确保在向电动汽车转型的过程中占据领先地位。据悉，由于电池存在起火风险，通用汽车今年两次宣布召回 Bolt 电动车，共召回 14.2 万辆汽车，该公司可能要为此付出 18 亿美元的高昂成本。通用汽车承诺维持与LG电池合作关系 进军电动车领域信心满满
Sat Aug 28 06:36:14 +0800 2021,"【奔驰因漏油隐患在美召回4800辆轿车/SUV】美国公路交通#从心开始爱家人# #夏日护肤记# 安全管理局（NHTSA）近日公布文件称，因为部分汽车存在漏油隐患，奔驰将在美国召回4,871辆轿车和SUV。NHTSA的文件中表示，奔驰本次召回的车型为2014年至2015年间生产的E250 BlueTec轿车、E250 BlueTec 4Matic轿车、GLK250 4Matic BlueTec SUV等。"
Thu Aug 26 23:14:20 +0800 2021,车市热门8月24日消息，据外媒报道，美国汽车制造商通用汽车表示，它将扩大雪佛兰Bolt电动汽车的召回，原因是其韩国供应商LG的电池存在火灾风险。这预计将使这家美国公司额外损失10亿美元。最新的召回涉及从2019年到2022年在美国和加拿大销售的7.3万辆Bolt电动汽车和EUV车型，召回的目的是更换有缺陷的电池模块。（腾讯科技）
Wed Aug 25 17:00:03 +0800 2021,#关注交通安全# 【召回部分瑞风S3汽车】由于零部件供应商生产工装维护不良，燃油箱加油口接头下部与燃油箱本体焊接位置可能存在焊接缺陷，导致车辆运行一段时间后加油口部位可能发生渗油现象。在遇到明火的极端情况下可能发生火灾，存在安全隐患。安徽江淮汽车集团股份有限公司自9月17日起，召回2015年1月20日至2015年12月24日生产的部分瑞风S3汽车，共计84186辆。网页链接
Tue Aug 24 15:55:30 +0800 2021,【#新能源汽车# LG化学电池存起火隐患】超10万辆电动车被召回，皆因LG化学软包电池有起火风险。不到一年召回30万辆、赔偿或超140亿，LG化学要凉2020年上半年全球车用动力电池市场，LG 化学以 24.6%的市场份额排名第 1，击败宁德时代和松下。通用汽车近日表示，它正在召回全球销售的所有雪佛兰 Bolt系列电动汽车，以解决可能导致火灾的电池问题。此次召回源于LG化学提供的电池存在两项缺陷，通用汽车已经向LG化学就此索偿。
Mon Aug 23 21:40:03 +0800 2021,#市场监管提醒# 【安徽江淮汽车集团股份有限公司召回部分瑞风S3汽车】安徽江淮汽车集团股份有限公司决定自9月17日起，召回2015年1月20日至2015年12月24日生产的部分瑞风S3汽车，共计84186辆。本次召回范围内部分车辆由于零部件供应商生产工装维护不良，燃油箱加油口接头下部与燃油箱本体焊接位置可能存在焊接缺陷，导致车辆运行一段时间后加油口部位可能发生渗油现象。在遇到明火的极端情况下可能发生火灾，存在安全隐患。安徽江淮汽车集团股份有限公司将对召回范围内车辆进行免费检查，对存在缺陷的燃油箱进行免费更换，以消除安全隐患。安徽江淮汽车集团股份有限公司将以挂号信、电话等形式与相关车主取得联系，安排免费检修事宜，
Mon Aug 23 20:28:39 +0800 2021,通用汽车大幅找回电动车 或造成10亿美元损失8月20日，通用汽车宣布，由于高压电池组存在着火风险，公司将扩大召回雪佛兰Bolt电动汽车的范围，公司或因此损失10亿美元。受此影响，通用汽车股票在周一大盘开始前下跌2.27%。 最新一批召回的汽车包括7.3万辆2019年至2022年款Bolt电动汽车。公司将无限期停止销售该车型，并将向电池供应商LG公司寻求赔偿。 北京·焦王庄
Mon Aug 23 19:49:05 +0800 2021,通用大规模召回汽车，主要是LG的电池问题，梳理下LG这两年召回事件2020年10月，现代汽车宣布在全球召回7.7万辆搭载LG电池的KONA电动汽车。2020年11月，LG能源首次召回雪佛兰电动汽车。2020年12月，LG能源宣布在美国召回其部分Resu 10H家用型储能系统产品。2021年2月，现代汽车宣布将从3月29日起二次召回约8.2万辆电动汽车以更换电池系统。2021年3月，LG化学的储能系统（ESS）再次因电池存在起火风险而宣布召回。2021年7月，通用汽车召回所有的Bolt EV，将向电池供应商 LG 寻求赔偿。2021年8月，LG新能源召回1万套家用储能电池产品。电池召回主要两个原因一方面电芯制造问题，LG电芯设计更追求极致能量密度，快充性能，同时又降本，放大电芯出事的概率，通用本次召回主要因为负极极耳撕裂和隔膜发生褶皱。第二是模组保护设计问题，海外对模组pack安全防护没有要求，欧洲LG电池软包设计基本上没有做防护，不像国内会用云母材质做隔热板。LG是全球排第二，之前是全球老大，都出了这么多事。说明电池制造的壁垒比想象中更加深厚，老二出事利好的自然是老大，宁德人在家中坐，利好从天上来。
Mon Aug 23 17:53:21 +0800 2021,实时播报通用汽车(GM.N)盘前跌2.4%，周末公司扩大了雪佛兰Bolt电动车召回范围，此前公司已宣布因起火风险召回部分该款车辆。 
Mon Aug 23 17:43:46 +0800 2021,#LG电池##通用汽车# #DIGITIMES#继搭载LG化学动力电池存在起火安全隐患，现代汽车召回相关电动车后，美国通用汽车近日也步其后尘，宣布召回7.3万辆旗下雪佛兰Bolt电动车更换电池。作为新兴产业，新能源汽车发展速度一日千里，然而频发的电池起火事件却时不时在摇晃速度与质量天秤两端的平衡，上演着一起又一起电动车召回“连续剧”。 LG电池再现起火隐患 通用召回Bolt电动车 电池安全问题难解
Mon Aug 23 16:20:36 +0800 2021,通用汽车（General Motors，GM）表示，LG集团生产组装的电动汽车（EV）电池有起火风险，决定扩大召回Chevrolet Bolt电动汽车，LG Chem和关系企业LG电子闻讯暴跌。Naver报价显示，周一（23日）下午1点10分为止，LG Chem重挫10.24%、LG电子重挫3.75%。Pulse报道，美 GM扩大召回Bolt EV，电池供应商LG Chem股价泻 
Mon Aug 23 15:13:25 +0800 2021,【#通用汽车召回所有雪佛兰 Bolt电动车#，有火灾风险，将增加10亿美元成本】通用汽车近日表示，它正在召回全球销售的所有雪佛兰 Bolt系列电动汽车，以解决可能导致火灾的电池问题。此次召回源于LG化学提供的电池存在两项缺陷，通用汽车已经向LG化学就此索偿。老板联播的微博视频 
Mon Aug 23 14:49:43 +0800 2021,【通用扩大Bolt EV召回范围 损失高达10亿美元】通用日前表示，由于高压电池存在起火风险，该公司将扩大针对雪佛兰Bolt EV车型的召回范围，此举将导致该公司遭受10亿美元的损失。对于通用来说，此次扩大召回范围是一个严重的打击，当前该公司正在寻求提升电动汽车的销量。通用还表示，受起火风险影响，该公司将无限期暂停该电动车型的销售，并向电池供应商LG寻求补偿。最新的召回涉及2019至2022款共7.3万辆汽车，其中包括2019款9335辆、2020至2022款共63683辆。
Mon Aug 23 14:40:25 +0800 2021,#通用汽车召回所有雪佛兰 Bolt电动车#，有火灾风险，将增加10亿美元成本，你现在的轿车是电动的还是燃油的  网页链接 
Mon Aug 23 12:12:21 +0800 2021,通用汽车上周五表示，由于高压电池组可能引发火灾，将扩大对于雪佛兰 Bolt 纯电动汽车的召回范围，包括改版后的 Bolt EUV，预计耗资 10 亿美元，同时将无限期停止该款电动汽车的销售。通用汽车在召回新闻稿中称，电池内部同时发现了破损的负极极耳，以及弯折的隔离膜，这些都增加了着火的风险。此外，通用表示将向电池供应商 LG 寻求补偿。信源reuters、electrek
Mon Aug 23 10:09:23 +0800 2021,LG电池近期事故梳理20年11月，通用汽车召回6.87万辆Bolt EV，源于该批次车辆发生5起非碰撞起火事故，事故原因在于电池一致性问题导致充满或接近充满时有起火风险该起召回预期损失8亿美元。21年2月，现代汽车召回7.76万辆Kona、Ioniq纯电动汽车，源于该批次车辆发生15起着火事故根据韩国交通运输部及现代汽车调查原因在于电池内部极片未对准，电池充满可能导致起火本次召回预计损失9亿美元21年3月，大众汽车召回213辆大众e-UP、斯柯达 Citigo、西亚特E-Mii，标注原因为电池有发生热失控可能性。21年8月，通用宣布召回2019-2021年Bolt车型7.3万辆，源于10起非碰撞火灾事故，原因亦为电池制造缺陷，极耳及隔膜或有褶皱美国国家公路交通安全管理局8月20日宣布，再次对雪佛兰Volt发出消费者警告令，并对事故展开调查。本次召回预计损失10亿美元。叠片&amp软包路线 VS 卷绕&amp方形LG电池所涉及车辆事故的调查多指向电池的一致性以及生产制造问题，核心在于叠片工艺路线极片一致性以及电池的安全问题。锂电池制造过程涉及多尺寸的精度控制，纳米、微米、毫米、米、千米制造过程要求严格的控型控性能力，极片涂层厚度和重量一致性、阴阳电极间位错精度、产品尺寸精度、电化学性能和容量一致性，而我们认为方形大电芯的卷绕路线一致性以及生产制造更为精细。国内近90%方形电池，而海外50%的软包电池，两者形成较大的差异性在海外对软包认可度较高的车企大众、现代、通用、戴姆勒等，大众已全面转向方形标准电芯，25年80%的电池采用方形戴姆勒已宣布开发方形标准电芯，我们认为现代、通用的事故问题将迫使其重视后续电池路线这对由宁德所主导的方向大电芯路线的全球推广带来较好的机遇。
Mon Aug 23 09:38:52 +0800 2021,#汽车召回# 【有刹车失灵隐患，3561辆进口宝马被召回】车辆的DME中控制串联泵的相关软件程序存在缺陷，连锁反应会导致制动踏板变硬，制动距离变长，宝马（中国）决定自即日起，召回2018年6月19日至2021年5月28日生产的进口540i及Z4汽车，共计3561辆。 
Mon Aug 23 09:09:42 +0800 2021,回避LG电池板块的个股 海通电新通用再次召回7.3万辆Bolt EV，电池路线问题凸显LG电池近期事故梳理[玫瑰]1、20年11月，通用汽车召回6.87万辆Bolt EV，源于该批次车辆发生5起非碰撞起火事故，事故原因在于电池一致性问题导致充满或接近充满时有起火风险该起召回预期损失8亿美元。 
Mon Aug 23 08:01:04 +0800 2021,因火灾风险，通用汽车扩大雪佛兰Bolt EV的召回范围Griffin的Citadel计划从Melvin Capital赎回5亿美元PayPal在英国推出加密货币服务…… 因火灾风险，通用汽车扩大雪佛兰Bolt EV的召回范围 | 风云海外动态 
Mon Aug 23 03:41:22 +0800 2021,"#美国政经# 纯电动汽车的风险就在于此通用汽车正在召回全球销售的所有雪佛兰 “Bolt”系列电动汽车，以维修可能导致火灾的电池问题，此行动扩大了之前的召回范围。 在较早召回修理两辆起火汽车后，该公司上个月告诉 保有2017-2019 年度车辆的车主们，将车停在户外，不要通宵充电。Grand Rapids, Michigan — General Motors is recalling all Chevrolet Bolt electric vehicles sold worldwide to fix a battery problem that could cause fires, expanding a previous recall. The company last month told owners of 2017-2019 model year vehicles to park outdoors and not charge them overnight after two vehicles repaired in the earlier recall caught fire."
